{
    "accuracy": 0.80116,
    "precision": 0.7420587926666566,
    "recall": 0.9486958354893731,
    "f1_score": 0.8327501514030011,
    "cv_mean": 0.797388,
    "cv_std": 0.023631200900504416
}