{
    "accuracy": 0.29979879275653926,
    "precision": 0.35430057621570155,
    "recall": 0.29979879275653926,
    "f1_score": 0.31513558153853743,
    "cv_mean": 0.3228459466476277,
    "cv_std": 0.028132092093708823
}